words,values
eroina,11.68
cornice,5.68
barile,10.44
abitazione,6.04
pappagallo,5.04
buttare,4.2
leggero,5.04
turno,7.4
seme,5.92
tenebra,8.96
parrucca,6.4
ghianda,7.84
afflizione,10.826086956521738
bugia,4.64
nido,5.12
poesia,5.2
infezione,7.28
rapido,8.04
alluce,6.52
fiorire,5.8
caduta,5.16
igiene,6.52
irritare,10.92
fiducioso,9.72
statua,5.72
bambino,3.2
canzone,4.28
sveglia,5.16
padella,5.2
tordo,10.904761904761905
merluzzo,6.48
municipio,8.52
femmina,3.88
fuochi d'artificio,5.36
intestino,9.16
torta,2.96
impiego,8.84
felpa,6.32
bellezza,5.36
stagnante,11.56
rito,8.08
vittoria,5.52
urlo,5.0
alunno,5.28
coccodrillo,4.8
palma,5.72
televisore,3.32
farina,5.48
sbagliato,4.24
agnello,4.68
fagiolo,4.84
rumoroso,5.44
truffa,9.92
leader,9.72
commissione,9.28
pizza,4.2
pugile,7.12
cannone,7.2
asciugamano,3.92
carriola,5.76
canguro,4.88
salvataggio,7.56
teso,9.36
bianco,3.64
raccontare,4.8
anno,3.84
tesoro,4.6
milionario,8.25
dignitoso,9.08
montagne russe,7.88
contesto,9.68
pietà,7.68
fuoco,4.4
vagina,10.04
errore,5.76
moglie,5.48
gusto,4.96
puzza,4.16
trottola,7.04
folla,6.72
immondizia,5.0
facile,4.52
fidanzato,8.0
assicurare,9.08
unità,7.16
tana,4.32
orologio,4.72
nacchere,8.28
lupo,3.92
modo,6.44
colpevole,7.64
patto,9.04
pericolo,4.28
stanco,5.8
scandalo,9.32
paradiso,5.92
gelosia,6.6
brezza,7.8
ottimismo,8.6
orzo,5.6
tipo,6.0
bossolo,10.952380952380953
carabina,9.833333333333334
gara,5.76
ospite,7.16
consolato,9.24
granata,9.32
scala,4.64
miseria,7.96
ippopotamo,4.92
riunione,7.4
capace,5.8
papera,3.96
mese,4.64
nascondere,5.28
pastello,3.52
pesca,4.24
fame,3.12
organo,9.56
uva,4.2
lode,7.68
mordere,3.52
inondazione,9.76
salvatore,6.84
gridare,4.44
commedia,8.88
versare,5.76
paralisi,9.56
quaderno,4.56
talpa,5.72
fortuito,10.88
barca,3.48
mano,3.08
giaguaro,8.16
mal di mare,8.0
tetro,10.28
profumo,4.56
avidità,8.96
serpente,4.56
pene,10.28
ombra,5.16
guerra,6.64
seggiolone,3.24
pitone,7.8
altare,7.16
morte,5.8
mora,9.04
nave,4.36
calcagno,9.91304347826087
carezza,3.28
catino,8.15
carnevale,4.04
medaglia,5.92
formaggio,4.64
arancia,3.2
capriccio,3.84
pazzo,5.48
affaticato,7.92
cancrena,11.416666666666666
tirare,4.44
fiore,3.0
tazza,4.36
sacchetto,5.04
caviglia,6.0
spazzatura,5.36
rapa,7.8
tovaglia,4.2
chiesa,5.04
sera,4.6
damigiana,7.625
noce,4.12
calzettone,5.36
asciugare,4.48
coltello,5.2
nutrire,7.56
gobba,7.04
pietra,4.08
panettiere,6.32
mondo,4.72
pellicano,8.12
volare,4.52
tenere,4.4
malessere,8.52
fantasia,5.96
ascia,9.16
vaiolo,12.0
masturbarsi,12.36
onore,8.2
vento,4.64
dispiaciuto,7.4
idolo,8.4
corallo,8.36
mendicante,7.8
sporcarsi,4.36
sopraffatto,9.8
ultimo,5.04
pasta,3.68
successo,7.56
vecchiume,11.333333333333334
ago,5.36
guidare,6.24
orecchio,3.96
litro,7.08
laureato,11.36
palla,2.64
sasso,4.28
schiacciato,5.2
zuffa,9.541666666666666
cerniera,6.16
martello,5.08
avversità,10.88
spazzolino,3.92
esultante,9.48
infedele,9.64
natura,4.2
tessuto,7.52
scaffale,6.52
scopa,5.36
ministro,9.64
scudo,7.88
fauna,9.44
cullare,5.4
viaggiare,5.92
macchina,5.76
autobus,5.96
grumo,9.25
idea,6.24
lana,5.64
piatto,3.36
modesto,9.24
panna,4.96
tenda,5.92
sentimento,8.12
agguato,9.88
lampadina,5.12
sepoltura,9.72
zia,3.04
vespa,6.04
esercizio,5.458333333333333
leccalecca,3.8
cerimonia,7.2
cenere,5.88
accendere,4.68
marito,5.76
zampa,4.44
buio,3.72
pizzicotto,4.88
ernia,9.125
passione,7.64
grattacielo,6.64
cucchiaio,3.76
mutazione,10.04
prostituta,10.76
carattere,6.68
vanità,9.8
valanga,9.44
nonna,3.08
palloncino,3.08
rumore,4.64
tortura,7.16
agilità,7.6
entusiasmare,9.76
dio,5.76
calmo,5.68
ufficio,7.64
babysitter,6.083333333333333
brutale,9.64
arco,5.84
mais,6.12
madre,2.68
verità,6.0
campagna,4.52
zaffiro,8.88
lussuria,10.12
hamburger,6.92
polpa,6.8
prestigio,8.76
bersaglio,7.72
discarica,8.32
forbici,4.8
origine,6.24
distante,7.36
loculo,10.6
mucchio,7.12
ombrello,3.96
assediato,9.2
tenaglia,8.64
ferie,7.6
pugnale,6.84
padre,2.16
palo,4.92
favore,7.24
violino,6.32
guancia,3.64
treno,4.52
portare,4.52
trono,6.56
flotta,8.28
fetta,4.88
respinto,8.64
apprendere,7.56
diga,7.68
ricordo,7.6
amichevole,7.84
nome,3.64
occhio,3.64
gallina,3.64
tagliere,8.16
silenzio,4.48
costruire,5.4
vizio,7.68
abuso,10.88
crocifiggere,8.24
tragedia,9.68
coniglio,3.32
fiasco,9.16
carrozzina,4.48
malattia,6.4
granchio,4.56
graffetta,6.72
distruggere,7.28
poliziotto,5.52
baciare,5.48
stupido,5.36
doccia,4.44
animale domestico,4.28
terrazzo,5.16
gallo,4.36
strappare,5.36
ghigliottina,9.2
caffè,7.2
ginocchio,4.0
lamentela,6.84
desiderio,6.08
affascinare,9.68
sorso,5.84
cantina,5.76
comizio,10.6
morbido,4.64
sereno,5.36
ladro,4.92
armadietto,6.32
t-shirt,6.68
temperino,4.84
fune,5.84
penalità,8.48
cuore,3.8
lido,7.44
sale,5.08
rubinetto,5.96
coraggioso,6.76
comò,6.08
dettaglio,8.72
simpatico,5.08
inutile,6.6
insulto,7.0
angolo,5.6
stalla,5.12
fanciullo,5.76
fermarsi,4.64
ispirato,9.64
collana,4.44
ulcera,12.44
memoria,5.84
oro,5.84
ostile,8.12
minaccia,8.6
sedile,4.24
rovesciare,6.24
romantico,9.52
possente,8.44
fama,8.96
santo,5.2
mosca,4.28
divano,5.16
occhiolino,6.6
piuma,4.56
frustrato,10.88
martire,8.88
offendere,6.6
raggomitolarsi,7.8
abbracciare,2.84
orgoglio,9.76
agile,8.04
burro,5.08
divertimento,5.458333333333333
carta,4.28
malaria,10.32
ricompensa,8.16
blu,3.32
mente,7.28
bagnato,3.32
rilassato,6.04
salotto,4.92
umile,8.28
morto,5.68
cicala,8.4
giallo,3.24
velluto,8.12
lampada,4.28
stress,9.24
rana,4.4
ciclone,7.4
officina,8.88
carino,6.68
pinguino,5.48
ginnasta,7.68
vandalo,8.56
sveglio,4.24
lago,4.92
ferite,4.76
sexy,10.64
attrezzo,6.52
basilico,5.72
patata,3.8
arrugginito,7.48
confuso,7.24
eccitazione,10.0
neve,4.32
faccia,3.68
appendiabiti,6.56
ansioso,8.28
tronco,5.44
tempesta,6.36
letto,3.36
rabbia,6.32
melograno,7.12
cervello,6.88
palazzo,5.88
pennello,6.36
noia,5.04
parete,5.24
pediatra,6.44
leggere,5.56
garbo,9.8
automobile,4.36
mazza,6.12
erba,3.88
utensile,7.833333333333333
naso,3.24
saluto,4.36
disdegno,9.64
lista,6.52
vipera,6.04
terra,4.52
favola,3.8
prosa,9.84
quarto,5.48
brivido,6.64
salute,5.88
snob,10.52
lutto,8.4
orgoglioso,9.92
scalinata,5.88
sfera,6.28
ospedale,5.68
televisione,4.72
fango,5.2
forfora,9.08
belva,6.76
conoscere,6.0
birillo,6.04
avventura,6.44
tetto,3.8
usanza,9.04
gioventù,9.52
sposo,5.36
befana,3.56
clessidra,6.8
trampolino,7.16
cucinare,5.72
insalata,4.36
grezzo,10.32
lumaca,4.6
preoccupato,6.48
compleanno,2.76
alzarsi,3.92
sgabello,5.72
cappello,4.04
garza,8.6
abbondanza,6.96
fisarmonica,7.12
regalo,4.08
pioggia,4.24
zucchero,4.28
occidente,8.92
aranciata,4.88
salato,4.28
castello,4.32
studioso,6.84
fungo,4.6
annoiato,5.36
cofano,7.76
maleducato,5.84
inchiostro,5.84
albicocca,5.0
schivo,10.88
ergastolo,12.04
folle,8.96
venire,4.8
chiudere,3.48
luminoso,5.64
staffa,10.12
fase,8.458333333333334
marmotta,7.32
pillola,7.16
alcolista,9.96
orma,6.92
vantaggio,7.76
pugno,5.24
cestino,5.0
cravatta,5.4
ciabatta,4.04
materiale,6.56
gufo,6.0
camminare,3.68
sciroppo,4.76
ritmo,6.8
vestito,4.48
nudo,5.64
bottone,6.24
pagina,4.08
aspirapolvere,6.0
cinghiale,5.48
pullover,7.72
spray,7.0
yogurt,5.24
frigorifero,4.2
macello,6.24
gabbiano,5.04
pulpito,11.0
ispirare,8.2
tela,7.84
veicolo,5.96
strano,5.88
caramella,3.44
piramide,6.8
sederino,4.52
correre,3.92
gomito,5.88
amaro,4.24
aborto,11.72
forno,4.92
camino,4.56
ragno,4.48
immaturo,9.4
levare,4.96
fastidio,6.32
orgasmo,12.4
giraffa,4.12
dottore,3.56
famelico,10.619047619047619
bretelle,6.4
solo,4.6
genere,7.8
vescica,9.4
contento,3.72
tosse,3.88
flaccido,9.6
pidocchio,6.0
suora,5.64
sole,3.64
teoria,9.76
nodo,5.04
schiuma,5.4
killer,9.0
socievole,6.96
addormentato,3.88
erede,8.32
edificio,7.16
aggressione,8.36
istinto,8.64
baco,9.75
angosciato,10.12
buccia,4.6
crepuscolo,9.76
evento,7.28
seta,8.16
attivare,7.24
peste,6.76
arcobaleno,4.64
oppresso,10.0
codardo,8.64
confetto,5.84
arancione,3.36
seno,6.48
fotografia,4.8
matto,6.32
fare,4.4
rosa,4.04
castagna,5.2
morale,10.4
sentire,4.24
panino,4.04
cancro,11.04
sudiciume,9.208333333333334
zingaro,7.24
cipria,9.36
pena,7.52
specchio,4.64
aceto,6.44
andare,4.2
lusso,10.76
panca,6.0
cherosene,14.35
centrotavola,7.0
cetriolo,5.96
mutande,4.84
batteria,6.56
pessimismo,9.8
questione,9.2
vendetta,8.04
arrampicarsi,5.8
peperone,5.2
struzzo,5.12
astronauta,7.52
cicatrice,6.08
ketchup,6.68
prigione,6.88
rovente,8.36
sanguinoso,8.24
penna,3.68
montagna,4.24
coperchio,5.6
circo,5.0
magistrale,11.08
pitturare,5.04
manomettere,11.28
bussare,4.24
sbrigarsi,5.64
stampo,7.12
sciarpa,4.56
notte,3.28
gondola,7.84
cappio,10.875
disubbidiente,4.64
aria,4.4
salutare,3.6
amaca,6.84
dolce,5.08
lattuga,5.041666666666667
pettegolezzo,9.08
sospettoso,7.6
telefonare,4.84
capello,3.2
scafo,9.56
sciocchezza,7.56
balcone,4.4
abisso,9.08
fogna,6.84
voce,3.88
argento,7.2
gioioso,7.32
muco,4.72
erotico,11.56
liscio,4.32
stivale,4.92
cracker,7.521739130434782
potenza,7.6
corridoio,4.48
brutto,3.28
trapano,8.44
inferiore,7.68
nazione,7.96
imbarazzato,6.88
spillatrice,7.24
tranquillo,5.4
proverbio,6.52
campo,4.52
stressato,10.12
soldi,4.96
benzina,7.68
anguilla,7.68
lunatico,9.84
bagno,4.16
soldatino,3.84
rasoio,8.76
tuffatore,7.84
cervo,5.96
crimine,9.56
piede,3.16
fibbia,8.666666666666666
bistecca,6.68
felice,4.32
collo,4.08
secchio,4.76
pigiama,3.84
bomba,7.375
calciare,5.2
bilancia,6.44
cigno,5.12
dire,4.08
corto,4.56
magazzino,5.92
piacere,7.64
fico,5.8
fischio,4.52
rospo,4.68
cinta,5.291666666666667
camera,4.24
tartaruga,4.16
pomodoro,4.4
igloo,8.12
riservato,9.04
risata,5.6
orizzonte,6.48
motivo,6.4
tanica,10.565217391304348
opuscolo,8.666666666666666
cugino,3.44
freddo,3.68
sugo,4.84
sleale,8.48
nuora,9.76
rovo,11.0
pistola,5.48
atletica,7.0
profitto,10.56
scheletro,7.32
vassoio,6.36
farfalla,3.64
lavatrice,5.88
mappa,6.16
portiere,8.92
ballare,4.92
infastidire,6.76
limone,4.2
offendersi,6.56
pala,6.24
nervoso,6.88
zucchina,5.44
fragola,4.4
rastrello,5.76
casa,3.4
sorriso,3.48
morboso,9.72
ostacolare,9.88
disincantato,9.52
soffitto,6.44
pressione,9.56
colorare,3.56
gelatina,6.52
intimo,9.24
cerchio,3.88
fon,4.8
vomito,6.08
capro espiatorio,11.04
famiglia,3.6
tavolo,3.12
ossessione,9.92
banana,4.08
nuca,8.68
esterno,5.84
ballerino,5.16
infuriato,7.0
soffiare,4.4
pomata,6.32
insegnante,4.36
calore,4.88
vicolo,8.24
qualità,8.16
avversione,9.4
stile,8.52
stupro,11.28
trofeo,7.16
traditore,9.32
lanciare,4.52
concentrarsi,6.28
sillaba,5.76
disturbare,6.24
fulmine,5.88
mago,5.04
testa,3.32
devoto,8.44
aggiustare,6.32
carcere,7.08
roccia,5.92
povertà,6.56
storia,5.2
nipote,4.08
colonna,6.56
verme,4.92
pungente,9.36
suolo,7.56
gamba,3.48
libertà,7.52
pesciolino,3.48
rissa,8.32
umiliare,9.8
quercia,6.2
frate,7.08
patriota,9.76
depressione,10.92
elicottero,4.48
forte,4.68
ciclamino,6.72
oca,5.8
pesce,4.0
allergia,8.88
contante,9.0
piccione,5.96
stufa,7.08
audace,9.64
terrorizzato,8.24
pantofola,4.84
latte,3.24
fangoso,8.08
scrivania,4.92
pesante,6.08
inferno,6.88
lavorare,7.0
impulso,8.92
passero,5.36
sicuro,5.8
compagno,5.16
infermiere,6.68
credenza,5.96
indagine,9.28
roulotte,8.92
ordinato,5.44
dogana,11.48
bestia,7.16
stritolare,7.48
angoscia,9.36
fagiano,8.04
albergo,7.24
amnistia,11.791666666666666
adorabile,7.16
precipizio,8.24
triciclo,4.28
attento,6.08
golfo,8.24
pappa,2.08
pianta,4.24
mettere,4.28
foglia,4.08
mutilare,10.25
goffo,9.12
spada,5.24
peccaminoso,10.04
squalo,5.04
assassino,7.4
pisello,4.04
motore,7.28
manette,6.16
naturale,7.04
affamato,4.84
domicilio,10.6
sogliola,6.4
tonno,5.64
galleria,5.68
rigido,7.08
uccello,2.96
giudice,8.08
meraviglia,6.8
budino,6.36
supermercato,4.56
trave,7.92
prateria,7.32
flirtare,11.24
melone,5.08
paura,5.76
bello,3.8
villaggio,5.96
coprire,5.8
vasca,4.6
medicina,4.44
mappamondo,5.88
freccia,5.44
galera,7.0
maniaco,9.32
bosco,4.52
miracolo,6.96
disastro,6.44
abete,6.24
veloce,4.16
faro,6.96
gioia,5.6
scarafaggio,5.36
mento,5.0
uragano,7.44
inganno,7.84
sogno,4.68
guanto,5.92
vaso,5.72
spinacio,4.88
bimbi,3.28
timone,6.72
pomeriggio,4.0
fazzoletto,3.96
pus,7.5
bufera,8.56
pupazzo,3.32
ritardato,9.92
vita,6.68
arpa,8.24
uomo,4.12
nero,4.24
idrante,9.36
cranio,8.44
sgradevole,7.52
ortica,7.04
duro,4.68
panno,5.88
yacht,9.565217391304348
furto,7.64
tortellini,5.68
esercito,7.56
sifilide,13.869565217391305
comfort,8.56
jeep,6.88
codice,7.56
aereo,5.44
giostra,4.08
scettico,11.92
immaginare,5.96
pane,2.88
agio,11.76
acchiappare,4.84
handicap,7.44
cuoio,7.72
impegnato,8.56
luogo,5.76
svestito,6.96
posacenere,8.12
pervertito,12.76
scoraggiato,10.32
grande,4.64
zuppa,4.08
vagone,5.96
sandalo,5.88
cattivo,3.48
evidente,7.96
benda,6.04
agonia,9.4
saltare,3.48
falco,6.44
apatico,11.08
grattugia,8.64
luna,4.56
denti,3.48
scuola,4.4
thé,5.4
rapimento,7.08
furia,8.52
orto,6.16
maionese,5.68
cactus,7.16
capezzolo,9.48
ragazza,4.88
gelato,3.84
capra,3.52
vescovo,8.48
ridere,4.0
scrupolo,9.68
attico,8.32
zaino,4.68
scrittore,7.52
migliorare,6.48
gazza,6.833333333333333
aragosta,7.84
sciocco,6.48
crema,4.72
grazioso,8.92
leggenda,6.04
pulire,5.28
orrore,7.72
giornale,5.08
scodella,6.6
uscire,4.28
debole,5.52
sacerdote,6.44
sede,9.333333333333334
motoscafo,8.4
umano,6.12
fiamma,5.0
garage,5.04
deforme,9.24
piccolo,4.12
sentiero,7.64
mestolo,5.88
moneta,5.12
piazza,5.24
urna,8.416666666666666
massacro,10.0
sorpresa,5.68
festa,4.92
sporco,4.72
leone,3.8
osceno,9.44
bordo,6.4
progresso,8.92
stupefatto,10.68
sculacciata,4.92
cieco,5.96
regina,4.84
trauma,8.68
catapecchia,9.52
abbraccio,4.2
infornare,6.72
rancido,12.875
drago,4.04
calvario,9.04
tappo,4.76
guarire,5.28
palco,5.96
mobilità,10.84
cancello,5.16
ombelico,3.88
entusiasmo,8.44
tizio,8.04
asfalto,7.4
mancia,9.76
battello,7.708333333333333
voglia,6.56
amore,6.32
detestare,8.0
cereale,4.96
quadro,4.96
pelliccia,7.56
rispettoso,7.96
cioccolata,4.0
ciuccio,2.96
cesto,5.84
corridore,10.28
caparra,11.0
zona,7.44
calza,4.8
dollaro,8.48
bibita,4.56
zucca,5.16
pinza,6.44
obbedire,5.16
bara,7.68
lettera,5.12
gelsomino,8.08
pollice,4.72
cratere,9.84
raffica,8.52
ferita,4.2
gentilezza,6.32
lapide,10.32
polpetta,3.92
fucile,6.68
candeline,3.2
revolver,11.84
tempo,4.96
simbolo,6.6
affetto,6.12
sapone,4.0
termometro,5.48
abitante,7.76
esecuzione,10.52
ringhiera,5.4
bollitore,7.64
impaurito,6.48
debito,10.2
blatta,12.45
abitudine,7.28
tregua,8.88
scarpa,4.28
dentista,5.36
custode,7.92
cornamusa,9.12
gioco,3.28
neonato,5.8
ponte,5.0
leale,9.08
ulivo,6.32
tradire,9.68
batuffolo,7.4
mamma,1.88
cresta,6.84
parola,4.44
pannocchia,6.32
nevrotico,13.32
film,4.64
impressionato,7.72
angelo,5.12
pavone,6.76
trovare,4.24
persona,3.52
scrivere,4.76
palato,6.4
indumento,5.84
catrame,10.0
zanzara,4.68
dono,5.28
inquieto,9.2
grembiule,4.84
frase,5.44
muro,4.08
minestra,4.12
invasore,8.2
rapinatore,7.72
bar,5.16
salvare,6.12
oceano,5.92
divorzio,10.36
bambola,3.0
calamita,6.6
vincere,4.52
figlio,3.92
asso,8.24
impeto,12.0
pecora,3.28
vela,5.76
cera,6.92
gente,5.88
piombo,9.88
inquilino,10.76
mestiere,6.48
innocente,7.08
sporcizia,6.4
rispetto,7.84
buono,3.48
elemento,7.88
solitudine,8.52
tiranno,9.28
risultato,6.52
materasso,5.44
bancarotta,11.36
farabutto,9.72
guaio,4.8
paziente,8.56
stampella,6.72
tram,7.64
tucano,9.391304347826088
abbaglio,9.36
letame,7.88
primavera,4.28
fantasma,5.76
spirito,7.4
gatto,2.56
vasino,2.56
spaventato,6.52
povero,5.48
vecchio,5.44
bavaglino,4.36
mal di denti,6.52
puntura,4.48
giglio,7.2
alieno,6.84
libreria,5.44
scirocco,8.12
labirinto,6.84
asilo,3.12
collisione,9.44
cascata,6.52
ignoranza,8.2
pino,6.04
danneggiare,7.88
lavoro,6.28
malato,4.36
albero,3.56
secchiello,3.64
malanno,7.36
spazio,5.76
poster,7.72
cedro,8.666666666666666
giocattolo,3.2
eccellenza,8.28
stupito,8.68
principio,8.84
ginestra,9.84
soldato,6.68
aprire,3.92
portico,8.64
borsa,4.28
turbato,8.24
camomilla,6.32
sedano,8.64
norma,9.72
apecar,10.555555555555555
negozio,4.24
coccolare,6.04
incubo,5.92
mulo,6.16
labbra,4.76
torre,5.28
cuscino,3.48
nebbia,5.6
campanile,6.56
altalena,3.8
nocciolina,5.72
incoraggiare,8.36
insetto,6.36
libero,5.92
beatitudine,9.28
teglia,7.44
arrabbiato,5.04
solenne,10.88
marmellata,5.0
arma,5.76
putrido,10.956521739130435
pregio,7.76
fallimento,9.56
obesità,10.4
decomporsi,9.04
canottiera,4.44
negligenza,11.166666666666666
freezer,5.72
magnifico,6.44
foca,4.08
falce,9.4
metodo,9.52
pensieroso,8.0
merce,8.08
tenero,4.96
cantare,4.12
denaro,5.56
caraffa,8.88
crudele,8.56
battesimo,5.28
accordo,7.96
lesbica,10.56
salice,8.4
flanella,10.2
strage,7.36
coca cola,4.72
picco,8.16
bidè,4.28
dominante,9.2
dentifricio,4.16
riconoscente,8.24
febbre,3.44
pepe,6.2
istruzione,6.36
aquila,4.36
biberon,2.8
hotel,5.96
collera,8.4
vergognato,5.84
scorbuto,11.08695652173913
cortesia,7.56
dramma,9.96
piangere,3.6
sorella,2.8
schiavo,8.16
aspettare,4.48
tatto,7.0
litigare,4.52
egoista,8.6
carriera,10.0
colombo,5.375
globo,8.0
vicenda,7.56
vino,6.12
demonio,7.76
vulcano,6.56
carretto,6.88
forcina,8.44
sesso,10.32
odio,6.8
nuotatore,5.4
epoca,8.64
ambizione,8.48
riso,5.68
fionda,7.2
obitorio,10.44
perso,4.72
malvagio,5.64
rinoceronte,6.76
fortunato,5.96
bastardo,9.32
cronaca,9.84
pontefice,8.64
deludere,8.0
taverna,9.2
plastilina,4.5
rapporto sessuale,12.32
colore,4.2
passaggio,7.64
vacanza,4.96
idiota,6.8
rinfresco,8.76
metallo,8.2
appetitoso,7.24
bava,6.24
casinò,9.48
carcassa,9.28
coperta,4.04
ricatto,8.04
autunno,4.76
taglio,6.2
guardia,5.88
carosello,9.16
lucchetto,6.2
fumo,7.04
valvola,9.92
muscoloso,6.48
re,4.24
orso,4.48
flauto,6.36
gentile,6.92
indifeso,8.24
dolore,5.24
trionfante,8.12
libro,4.2
rotto,4.88
giovane,6.44
rivoltella,11.391304347826088
taxi,8.48
soleggiato,6.36
clero,10.958333333333334
mistico,10.96
scherzo,4.8
gomma,4.68
intruso,7.4
matita,3.56
scienza,7.04
dispetto,4.88
asciugacapelli,5.8
melma,9.44
vigliacco,8.44
peccato,7.56
pettinare,4.08
categoria,9.64
lepre,5.0
occhiali,5.64
maiale,4.2
panico,9.0
straccio,6.48
toro,5.08
lardo,7.48
conoscenza,6.64
cupola,9.76
giorno,3.8
alto,4.04
nonno,2.88
orribile,7.64
bandiera,4.96
fetido,10.0
nuvola,3.68
faccenda,6.88
lento,4.92
canapa,10.04
autostrada,8.08
giradischi,8.32
cisterna,8.48
orchidea,7.2
cielo,3.92
scoria,10.16
matrimonio,5.96
rondine,4.52
amico,3.96
parte,7.52
cucciolo,4.12
provincia,7.76
distruzione,8.64
sughero,8.08
tennis,7.4
casco,5.24
tigre,5.08
gloria,8.12
patatina,4.32
stanza,4.12
caldo,3.88
spazzare,6.52
dose,11.36
serio,6.8
affogare,5.92
gita,6.84
ficcanaso,9.12
disprezzare,7.32
silenzioso,5.28
fetore,8.4
astio,8.958333333333334
residuo,8.16
mummia,6.8
perla,6.52
gioviale,10.041666666666666
colpire,5.28
brodo,4.48
atrio,8.04
investire,7.92
aspro,6.04
cocomero,5.72
strillare,5.12
promozione,8.68
formica,3.92
mongolfiera,6.4
animale,3.24
passeggino,3.4
aula,5.96
ruga,9.12
godimento,11.08
miele,4.32
lotta,6.88
sconfitto,7.64
giarrettiera,11.04
pacco,5.12
femminuccia,4.24
arnese,10.8
regalare,4.76
mandorla,6.28
mulino,6.32
allegro,4.16
ghiro,6.84
mattina,4.08
usignolo,7.04
pancia,4.92
germe,8.88
aurora,7.72
binocolo,6.48
villetta,7.2
elefante,4.04
manzo,7.28
arrogante,7.88
sergente,10.28
virtù,9.52
sontuoso,10.32
sputare,5.44
grandine,5.0
porta,4.64
disinvolto,9.0
coniglietto,3.48
gru,7.8
bruciatura,6.04
signore,5.16
infatuazione,11.88
ragazzo,5.24
orchestra,7.4
zebra,4.44
spensierato,8.16
fanale,10.28
mercato,6.12
tubo,5.12
spiedo,9.4
picchio,7.24
triste,5.68
cipolla,5.92
tromba,5.08
emicrania,11.44
prefetto,9.64
ristorante,5.88
decorare,6.0
antenna,6.76
fontana,4.6
righello,4.84
suicidio,10.16
fratello,3.08
ricco,6.666666666666667
restare,5.52
vetro,5.32
lingua,4.25
volpe,4.32
sprezzante,12.875
radioso,10.08
cintura,5.2
biondo,5.08
bebè,4.24
romanzo,8.04
ribelle,7.8
viaggio,6.52
spaghetti,3.92
avvoltoio,7.88
scimmia,4.64
protetto,7.44
gola,4.04
kiwi,5.28
strillo,4.52
feccia,10.652173913043478
tamburo,4.84
religione,5.96
trappola,5.76
rivista,6.68
scapolo,12.44
acciaio,8.2
talento,8.2
drogato,9.0
musica,4.12
nuotare,5.28
principe,4.16
urina,7.16
valigia,5.88
biscia,5.76
fragranza,8.92
pannolino,4.2
vivo,4.68
uovo,4.52
leccare,5.16
scooter,7.08
cubo,6.36
festivo,7.52
ammirato,9.2
perdente,6.84
depresso,11.4
asma,10.04
insolente,9.6
insipido,8.4
corvo,5.92
coro,5.48
asparago,7.36
insurrezione,11.52
fiume,4.8
vedere,4.6
deridere,9.76
sommesso,9.391304347826088
pensiero,8.48
carne,4.44
satellite,10.8
puttana,9.76
bestemmia,8.24
ascensore,5.88
spina,6.0
dipendente,8.88
muffin,7.84
pianoforte,5.44
donna,4.36
tappeto,5.6
bouquet,9.291666666666666
prato,4.96
lavare,3.76
soddisfatto,7.6
opinione,8.64
sdegnoso,9.68
forchetta,3.64
indignazione,10.68
elegante,7.84
finito,4.875
grato,8.12
geranio,6.68
vuoto,4.72
gabbia,5.88
uccellino,2.76
camion,4.6
comprare,5.32
dirigibile,7.76
muffa,7.76
frittella,5.36
edicola,5.88
ferito,5.68
clima,8.2
causa,8.32
mandolino,7.84
falso,5.28
disegnare,4.04
cassettiera,5.92
spingere,4.88
inverno,4.8
scendere,4.76
stare,4.6
inno,7.56
possibilità,8.32
scatola,4.2
prete,5.12
comodino,4.92
tabacco,9.04
sintomo,8.72
vigoroso,9.68
mantenimento,11.4
potente,5.84
patente,9.2
violento,6.8
cadere,2.88
veleno,6.2
sangue,4.32
aver sonno,4.24
strada,4.92
ira,8.56
humor,12.8
perfezione,7.48
giardino,4.28
bacio,4.76
gattino,3.88
interesse,8.44
giustizia,8.84
scolorina,7.583333333333333
computer,6.4
mensola,5.96
balestra,9.590909090909092
benedire,7.24
genio,5.92
corona,4.68
nuovo,3.72
posta,6.28
carro,7.16
schifoso,6.32
morbillo,6.4
famoso,5.6
gioiello,5.56
pettine,4.72
melodia,7.0
rammaricato,10.24
pentola,4.72
cometa,6.64
aglio,5.84
rata,10.64
atleta,8.08
poltrona,4.08
diploma,9.52
malevolenza,10.8
delizia,7.52
frigido,12.0
melanzana,5.04
vittima,8.88
opzione,8.08
tramonto,5.8
rifiuto,5.583333333333333
cristallo,7.52
radio,5.72
sigaro,7.72
incidente,6.28
fagiolino,6.24
prendere,4.36
sbornia,13.0
imbuto,4.8
palude,7.8
intelletto,9.56
mare,3.72
maglione,4.68
pieno,4.56
jeans,5.8
accomodante,9.8
anatra,5.12
diluvio,6.08
ciuffo,5.36
narcotico,10.91304347826087
carota,4.56
incentivo,9.52
trattore,5.48
criminale,9.56
riverente,9.84
pompa,7.24
striscione,6.88
manichino,6.28
solitario,8.12
corpo,5.56
disperato,8.36
unghia,3.96
barbiere,5.76
terrificante,7.12
città,4.72
ghiacciaio,7.12
cicogna,4.36
carciofo,6.041666666666667
lite,6.12
dare,4.6
edera,7.56
margine,8.72
cinema,5.72
mobile,5.28
mandarino,4.72
furgone,6.0
aggressivo,8.32
disegno,3.64
litigio,4.48
tomba,7.04
diamante,6.92
pallottola,7.64
pasticcio,5.72
riparato,6.6
rispondere,3.88
carrozza,6.64
bussola,7.88
lebbra,10.12
cena,4.04
cassetto,5.08
marcio,8.76
mangiare,3.24
vista,4.12
radiatore,12.88
pulcino,4.28
tassello,8.68
ambulanza,5.36
ciliegia,5.88
impotente,11.72
mole,11.96
mitra,8.68
cammello,4.92
lotteria,8.6
ferro,6.56
scoiattolo,5.04
camicia,5.04
aver fame,3.0
mistero,7.04
fenicottero,7.92
nuvoloso,5.0
telefono,5.52
maglia,4.44
grave,6.76
abito,5.04
cantiere,8.92
schiaffo,3.76
attaccapanni,6.76
museo,7.48
cibo,3.52
braccio,3.84
polvere,5.4
maestro,4.52
eccezionale,8.88
ragazzino,5.32
immorale,9.36
indifferente,9.32
cavallo,3.92
magico,4.08
spalla,5.04
ape,4.32
aver sete,3.84
pavimento,4.2
parrucchiere,5.24
ricchezza,7.12
biglietto,5.48
stomaco,5.84
estasi,12.24
finestra,3.84
tuta,4.666666666666667
problema,6.52
spiaggia,3.96
amato,6.68
pentito,9.48
targa,7.4
tacchino,5.08
disprezzo,9.36
finire,5.32
rivolta,8.88
scolapasta,7.08
campione,5.88
ovatta,6.375
prugna,5.56
odioso,7.56
mela,3.84
strato,8.6
zio,3.12
verde,3.84
lenire,10.91304347826087
cadavere,9.6
tumore,10.84
asino,4.36
mucca,4.0
pace,5.04
giocare,2.96
racchetta,4.84
cercare,4.72
registrare,7.96
sbalordito,7.72
cioccolato,3.52
frusta,7.12
rettile,6.56
chiave,6.04
orecchino,5.44
ratto,6.52
schiena,4.4
asciutto,5.08
termosifone,6.0
fretta,6.08
curioso,5.96
pipa,7.24
goccia,4.56
paletta,4.88
nettare,7.6
culla,3.68
corrotto,10.32
insicuro,8.56
risposta,4.92
grossolano,9.44
infelice,6.28
pozzo,6.48
pianeta,6.04
vivace,5.6
spaventoso,5.24
motocicletta,7.24
sabbia,4.64
gonna,4.76
sonno,3.56
riva,5.84
applauso,5.0
razzo,6.84
lungo,4.12
ciliegio,6.24
fascino,8.04
scorpione,5.96
cacao,4.76
cipresso,7.68
coppia,7.08
stagione,4.92
ostaggio,8.6
fata,4.24
estate,4.28
pattuglia,8.48
momento,5.96
vertigine,10.0
abbandonato,6.68
alba,6.88
sorpreso,6.4
sedia,2.96
vincitore,6.24
foresta,5.44
cortese,7.72
campana,5.04
incudine,8.32
foglio,4.12
pretore,12.92
tariffa,10.88
accettazione,11.8
contenuto,8.2
accogliente,8.96
firmamento,10.84
pigro,7.96
cappotto,5.28
bere,3.76
terrorista,8.72
vampiro,7.36
provare,7.0
biscotto,3.4
bollente,4.84
lanterna,8.681818181818182
girare,4.64
chirurgia,9.68
lato,6.0
monastero,9.6
boia,10.391304347826088
dito,3.44
brevetto,9.88
slitta,5.48
saggio,8.56
bicchiere,3.8
grasso,5.88
danno,6.12
palestra,8.0
vapore,6.24
stella,4.16
pulito,5.44
arsenale,11.48
punizione,4.72
botte,8.24
episodio,8.68
omicida,9.6
utile,6.08
topo,3.4
sedersi,3.28
fieno,6.24
fanghiglia,11.347826086956522
adulto,5.32
vedovo,9.44
eccitato,10.0
cimitero,4.8
ananas,5.64
ghiaccio,5.08
bocca,2.44
industria,8.24
laccio,4.88
trionfo,8.2
corda,5.28
preda,6.64
viale,5.96
piscina,4.72
tagliare,4.64
guardare,5.08
dondolare,4.52
chitarra,5.24
giacca,5.96
tornado,7.48
lavandino,4.32
disertore,11.26086956521739
attraente,9.88
brandello,9.32
zattera,6.36
fattoria,4.56
cucina,3.84
natale,3.36
calzino,4.12
caos,7.48
cellula,9.52
zoo,5.76
golfista,8.28
scusa,4.68
sommergibile,8.92
onesto,6.84
armadio,4.16
garofano,7.36
aiutare,4.48
ruggine,8.0
trota,7.68
barba,5.72
timido,5.56
candelabro,6.52
colpa,6.04
ruvido,6.68
menzogna,8.08
spegnere,4.72
elettrodomestico,6.8
elica,7.8
bastone,5.04
diavolo,5.72
speranzoso,9.4
sposa,5.32
termite,9.727272727272727
spugna,5.88
vetta,8.16
margherita,4.12
svegliarsi,3.08
rosso,3.12
immagine,5.08
pollo,3.72
identità,9.12
lucertola,4.24
locomotiva,7.24
innamorato,8.96
liberazione,9.0
puzzola,6.92
funerale,6.08
alluvione,8.08
elmo,9.44
candela,3.96
vergine,10.76
spaventare,6.28
marrone,3.64
soffocare,6.52
mite,9.208333333333334
toccare,3.12
distaccato,9.12
moda,8.36
acqua,2.96
scivolo,3.64
bicicletta,4.4
tossico,9.32
disgustato,7.72
allerta,10.32
anguria,4.4
fiducia,8.2
privacy,9.68
ridicolo,8.68
pantaloni,3.84
disordinato,5.0
crisi,8.16
ribes,11.571428571428571
charme,12.52
parlare,3.64
olio,4.36
speranza,7.2
rompere,4.08
dormire,3.08
luce,4.0
perspicacia,9.28
spigolo,4.96
notizia,6.56
costa,6.72
odore,4.44
sassofono,8.88
bottiglia,3.84
pera,3.96
vigile,7.64
serbatoio,8.92
papà,2.2
inquinare,7.96
arte,8.12
evidenziatore,8.48
gruppo,6.0
casetta,3.96
assurdo,7.84
sonaglio,6.52
cerbiatto,5.48
cane,2.76
vernice,7.04
burrasca,7.833333333333333
